{"train_neg_loss_step":0.12807343900203705,"_wandb":{"runtime":7},"train_pos_loss_step":0.6930356025695801,"epoch":0,"trainer/global_step":0,"_timestamp":1.768398671043429e+09,"_step":0,"train_loss_step":0.8211090564727783,"_runtime":7}